Workbook

Sheet Data
F1: Just Scrolls | J1: Scrolls & Consumables | P1: Scrolls & Consumables & Non-Consumables
A2: Name | B2: Level | C2: Components | D2: Consumable Cost | E2: Non-Consumable Cost | F2: Cost | G2: Time | H2: Cost 50% | I2: Time 50% | J2: Cost2 | K2: Time2 | L2: Cost Full 50% | M2: Time Full 50% | N2: Cost Base 50% | O2: Time Base 50% | P2: Cost3 | Q2: Time3 | R2: Cost Full 50%6 | S2: Time Full 50%7 | T2: Cost Base 50%8 | U2: Time Base 50%9
A3: Bless | B3: 1 | C3: V, S, M (a Holy Symbol worth 5+ GP) | D3: 0 | E3: 5 | F3: =VLOOKUP(Table3[[#This Row],[Level]],LookupTables!$A$2:$C$11,3) -> 25 | G3: =VLOOKUP(F3,LookupTables!$E$2:$F$18,2) -> 0 | H3: =F3/2 -> 12.5 | I3: =VLOOKUP(H3,LookupTables!$E$2:$F$18,2) -> 0 | J3: =F3+D3 -> 25 | K3: =VLOOKUP(J3,LookupTables!$E$2:$F$18,2) -> 0 | L3: =J3/2 -> 12.5 | M3: =VLOOKUP(L3,LookupTables!$E$2:$F$18,2) -> 0 | N3: =F3/2+D3 -> 12.5 | O3: =VLOOKUP(N3,LookupTables!$E$2:$F$18,2) -> 0 | P3: =F3+E3+D3 -> 30 | Q3: =VLOOKUP(P3,LookupTables!$E$2:$F$18,2) -> 0 | R3: =P3/2 -> 15 | S3: =VLOOKUP(R3,LookupTables!$E$2:$F$18,2) -> 0 | T3: =F3/2+E3+D3 -> 17.5 | U3: =VLOOKUP(T3,LookupTables!$E$2:$F$18,2) -> 0
A4: Chromatic Orb | B4: 1 | C4: V, S, M (a diamond worth 50+ GP) | D4: 0 | E4: 50 | F4: =VLOOKUP(Table3[[#This Row],[Level]],LookupTables!$A$2:$C$11,3) -> 25 | G4: =VLOOKUP(F4,LookupTables!$E$2:$F$18,2) -> 0 | H4: =F4/2 -> 12.5 | I4: =VLOOKUP(H4,LookupTables!$E$2:$F$18,2) -> 0 | J4: =F4+D4 -> 25 | K4: =VLOOKUP(J4,LookupTables!$E$2:$F$18,2) -> 0 | L4: =J4/2 -> 12.5 | M4: =VLOOKUP(L4,LookupTables!$E$2:$F$18,2) -> 0 | N4: =F4/2+D4 -> 12.5 | O4: =VLOOKUP(N4,LookupTables!$E$2:$F$18,2) -> 0 | P4: =F4+E4+D4 -> 75 | Q4: =VLOOKUP(P4,LookupTables!$E$2:$F$18,2) -> 1 | R4: =P4/2 -> 37.5 | S4: =VLOOKUP(R4,LookupTables!$E$2:$F$18,2) -> 0 | T4: =F4/2+E4+D4 -> 62.5 | U4: =VLOOKUP(T4,LookupTables!$E$2:$F$18,2) -> 1
A5: Find Familiar | B5: 1 | C5: V, S, M (burning incense worth 10+ GP, which the spell consumes) | D5: 10 | E5: 0 | F5: =VLOOKUP(Table3[[#This Row],[Level]],LookupTables!$A$2:$C$11,3) -> 25 | G5: =VLOOKUP(F5,LookupTables!$E$2:$F$18,2) -> 0 | H5: =F5/2 -> 12.5 | I5: =VLOOKUP(H5,LookupTables!$E$2:$F$18,2) -> 0 | J5: =F5+D5 -> 35 | K5: =VLOOKUP(J5,LookupTables!$E$2:$F$18,2) -> 0 | L5: =J5/2 -> 17.5 | M5: =VLOOKUP(L5,LookupTables!$E$2:$F$18,2) -> 0 | N5: =F5/2+D5 -> 22.5 | O5: =VLOOKUP(N5,LookupTables!$E$2:$F$18,2) -> 0 | P5: =F5+E5+D5 -> 35 | Q5: =VLOOKUP(P5,LookupTables!$E$2:$F$18,2) -> 0 | R5: =P5/2 -> 17.5 | S5: =VLOOKUP(R5,LookupTables!$E$2:$F$18,2) -> 0 | T5: =F5/2+E5+D5 -> 22.5 | U5: =VLOOKUP(T5,LookupTables!$E$2:$F$18,2) -> 0
A6: Identify | B6: 1 | C6: V, S, M (a pearl worth 100+ GP) | D6: 0 | E6: 100 | F6: =VLOOKUP(Table3[[#This Row],[Level]],LookupTables!$A$2:$C$11,3) -> 25 | G6: =VLOOKUP(F6,LookupTables!$E$2:$F$18,2) -> 0 | H6: =F6/2 -> 12.5 | I6: =VLOOKUP(H6,LookupTables!$E$2:$F$18,2) -> 0 | J6: =F6+D6 -> 25 | K6: =VLOOKUP(J6,LookupTables!$E$2:$F$18,2) -> 0 | L6: =J6/2 -> 12.5 | M6: =VLOOKUP(L6,LookupTables!$E$2:$F$18,2) -> 0 | N6: =F6/2+D6 -> 12.5 | O6: =VLOOKUP(N6,LookupTables!$E$2:$F$18,2) -> 0 | P6: =F6+E6+D6 -> 125 | Q6: =VLOOKUP(P6,LookupTables!$E$2:$F$18,2) -> 1 | R6: =P6/2 -> 62.5 | S6: =VLOOKUP(R6,LookupTables!$E$2:$F$18,2) -> 1 | T6: =F6/2+E6+D6 -> 112.5 | U6: =VLOOKUP(T6,LookupTables!$E$2:$F$18,2) -> 1
A7: Illusory Script | B7: 1 | C7: S, M (ink worth 10+ GP, which the spell consumes) | D7: 10 | E7: 0 | F7: =VLOOKUP(Table3[[#This Row],[Level]],LookupTables!$A$2:$C$11,3) -> 25 | G7: =VLOOKUP(F7,LookupTables!$E$2:$F$18,2) -> 0 | H7: =F7/2 -> 12.5 | I7: =VLOOKUP(H7,LookupTables!$E$2:$F$18,2) -> 0 | J7: =F7+D7 -> 35 | K7: =VLOOKUP(J7,LookupTables!$E$2:$F$18,2) -> 0 | L7: =J7/2 -> 17.5 | M7: =VLOOKUP(L7,LookupTables!$E$2:$F$18,2) -> 0 | N7: =F7/2+D7 -> 22.5 | O7: =VLOOKUP(N7,LookupTables!$E$2:$F$18,2) -> 0 | P7: =F7+E7+D7 -> 35 | Q7: =VLOOKUP(P7,LookupTables!$E$2:$F$18,2) -> 0 | R7: =P7/2 -> 17.5 | S7: =VLOOKUP(R7,LookupTables!$E$2:$F$18,2) -> 0 | T7: =F7/2+E7+D7 -> 22.5 | U7: =VLOOKUP(T7,LookupTables!$E$2:$F$18,2) -> 0
A8: Protection from Evil and Good | B8: 1 | C8: V, S, M (a flask of Holy Water worth 25+ GP, which the spell consumes) | D8: 25 | E8: 0 | F8: =VLOOKUP(Table3[[#This Row],[Level]],LookupTables!$A$2:$C$11,3) -> 25 | G8: =VLOOKUP(F8,LookupTables!$E$2:$F$18,2) -> 0 | H8: =F8/2 -> 12.5 | I8: =VLOOKUP(H8,LookupTables!$E$2:$F$18,2) -> 0 | J8: =F8+D8 -> 50 | K8: =VLOOKUP(J8,LookupTables!$E$2:$F$18,2) -> 1 | L8: =J8/2 -> 25 | M8: =VLOOKUP(L8,LookupTables!$E$2:$F$18,2) -> 0 | N8: =F8/2+D8 -> 37.5 | O8: =VLOOKUP(N8,LookupTables!$E$2:$F$18,2) -> 0 | P8: =F8+E8+D8 -> 50 | Q8: =VLOOKUP(P8,LookupTables!$E$2:$F$18,2) -> 1 | R8: =P8/2 -> 25 | S8: =VLOOKUP(R8,LookupTables!$E$2:$F$18,2) -> 0 | T8: =F8/2+E8+D8 -> 37.5 | U8: =VLOOKUP(T8,LookupTables!$E$2:$F$18,2) -> 0
A9: Arcane Lock | B9: 2 | C9: V, S, M (gold dust worth 25+ GP, which the spell consumes) | D9: 25 | E9: 0 | F9: =VLOOKUP(Table3[[#This Row],[Level]],LookupTables!$A$2:$C$11,3) -> 250 | G9: =VLOOKUP(F9,LookupTables!$E$2:$F$18,2) -> 3 | H9: =F9/2 -> 125 | I9: =VLOOKUP(H9,LookupTables!$E$2:$F$18,2) -> 1 | J9: =F9+D9 -> 275 | K9: =VLOOKUP(J9,LookupTables!$E$2:$F$18,2) -> 3 | L9: =J9/2 -> 137.5 | M9: =VLOOKUP(L9,LookupTables!$E$2:$F$18,2) -> 1 | N9: =F9/2+D9 -> 150 | O9: =VLOOKUP(N9,LookupTables!$E$2:$F$18,2) -> 3 | P9: =F9+E9+D9 -> 275 | Q9: =VLOOKUP(P9,LookupTables!$E$2:$F$18,2) -> 3 | R9: =P9/2 -> 137.5 | S9: =VLOOKUP(R9,LookupTables!$E$2:$F$18,2) -> 1 | T9: =F9/2+E9+D9 -> 150 | U9: =VLOOKUP(T9,LookupTables!$E$2:$F$18,2) -> 3
A10: Augury | B10: 2 | C10: V, S, M (specially marked sticks, bones, cards, or other divinatory tokens worth 25+ GP) | D10: 0 | E10: 25 | F10: =VLOOKUP(Table3[[#This Row],[Level]],LookupTables!$A$2:$C$11,3) -> 250 | G10: =VLOOKUP(F10,LookupTables!$E$2:$F$18,2) -> 3 | H10: =F10/2 -> 125 | I10: =VLOOKUP(H10,LookupTables!$E$2:$F$18,2) -> 1 | J10: =F10+D10 -> 250 | K10: =VLOOKUP(J10,LookupTables!$E$2:$F$18,2) -> 3 | L10: =J10/2 -> 125 | M10: =VLOOKUP(L10,LookupTables!$E$2:$F$18,2) -> 1 | N10: =F10/2+D10 -> 125 | O10: =VLOOKUP(N10,LookupTables!$E$2:$F$18,2) -> 1 | P10: =F10+E10+D10 -> 275 | Q10: =VLOOKUP(P10,LookupTables!$E$2:$F$18,2) -> 3 | R10: =P10/2 -> 137.5 | S10: =VLOOKUP(R10,LookupTables!$E$2:$F$18,2) -> 1 | T10: =F10/2+E10+D10 -> 150 | U10: =VLOOKUP(T10,LookupTables!$E$2:$F$18,2) -> 3
A11: Continual Flame | B11: 2 | C11: V, S, M (ruby dust worth 50+ GP, which the spell consumes) | D11: 50 | E11: 0 | F11: =VLOOKUP(Table3[[#This Row],[Level]],LookupTables!$A$2:$C$11,3) -> 250 | G11: =VLOOKUP(F11,LookupTables!$E$2:$F$18,2) -> 3 | H11: =F11/2 -> 125 | I11: =VLOOKUP(H11,LookupTables!$E$2:$F$18,2) -> 1 | J11: =F11+D11 -> 300 | K11: =VLOOKUP(J11,LookupTables!$E$2:$F$18,2) -> 5 | L11: =J11/2 -> 150 | M11: =VLOOKUP(L11,LookupTables!$E$2:$F$18,2) -> 3 | N11: =F11/2+D11 -> 175 | O11: =VLOOKUP(N11,LookupTables!$E$2:$F$18,2) -> 3 | P11: =F11+E11+D11 -> 300 | Q11: =VLOOKUP(P11,LookupTables!$E$2:$F$18,2) -> 5 | R11: =P11/2 -> 150 | S11: =VLOOKUP(R11,LookupTables!$E$2:$F$18,2) -> 3 | T11: =F11/2+E11+D11 -> 175 | U11: =VLOOKUP(T11,LookupTables!$E$2:$F$18,2) -> 3
A12: Death Armor | B12: 2 | C12: V, S, M (an onyx worth 50+ GP, which the spell consumes) | D12: 50 | E12: 0 | F12: =VLOOKUP(Table3[[#This Row],[Level]],LookupTables!$A$2:$C$11,3) -> 250 | G12: =VLOOKUP(F12,LookupTables!$E$2:$F$18,2) -> 3 | H12: =F12/2 -> 125 | I12: =VLOOKUP(H12,LookupTables!$E$2:$F$18,2) -> 1 | J12: =F12+D12 -> 300 | K12: =VLOOKUP(J12,LookupTables!$E$2:$F$18,2) -> 5 | L12: =J12/2 -> 150 | M12: =VLOOKUP(L12,LookupTables!$E$2:$F$18,2) -> 3 | N12: =F12/2+D12 -> 175 | O12: =VLOOKUP(N12,LookupTables!$E$2:$F$18,2) -> 3 | P12: =F12+E12+D12 -> 300 | Q12: =VLOOKUP(P12,LookupTables!$E$2:$F$18,2) -> 5 | R12: =P12/2 -> 150 | S12: =VLOOKUP(R12,LookupTables!$E$2:$F$18,2) -> 3 | T12: =F12/2+E12+D12 -> 175 | U12: =VLOOKUP(T12,LookupTables!$E$2:$F$18,2) -> 3
A13: Deryan's Helpful Homunculi | B13: 2 | C13: V, S, M (powdered gemstones worth 100+ GP, which the spell consumes, and one set of Artisan's Tools with which you have proficiency) | D13: 100 | E13: NaN | F13: =VLOOKUP(Table3[[#This Row],[Level]],LookupTables!$A$2:$C$11,3) -> 250 | G13: =VLOOKUP(F13,LookupTables!$E$2:$F$18,2) -> 3 | H13: =F13/2 -> 125 | I13: =VLOOKUP(H13,LookupTables!$E$2:$F$18,2) -> 1 | J13: =F13+D13 -> 350 | K13: =VLOOKUP(J13,LookupTables!$E$2:$F$18,2) -> 5 | L13: =J13/2 -> 175 | M13: =VLOOKUP(L13,LookupTables!$E$2:$F$18,2) -> 3 | N13: =F13/2+D13 -> 225 | O13: =VLOOKUP(N13,LookupTables!$E$2:$F$18,2) -> 3 | P13: =F13+E13+D13 -> #VALUE! | Q13: =VLOOKUP(P13,LookupTables!$E$2:$F$18,2) -> #VALUE! | R13: =P13/2 -> #VALUE! | S13: =VLOOKUP(R13,LookupTables!$E$2:$F$18,2) -> #VALUE! | T13: =F13/2+E13+D13 -> #VALUE! | U13: =VLOOKUP(T13,LookupTables!$E$2:$F$18,2) -> #VALUE!
A14: Homunculus Servant | B14: 2 | C14: V, S, M (a gem worth 100+ GP) | D14: 0 | E14: 100 | F14: =VLOOKUP(Table3[[#This Row],[Level]],LookupTables!$A$2:$C$11,3) -> 250 | G14: =VLOOKUP(F14,LookupTables!$E$2:$F$18,2) -> 3 | H14: =F14/2 -> 125 | I14: =VLOOKUP(H14,LookupTables!$E$2:$F$18,2) -> 1 | J14: =F14+D14 -> 250 | K14: =VLOOKUP(J14,LookupTables!$E$2:$F$18,2) -> 3 | L14: =J14/2 -> 125 | M14: =VLOOKUP(L14,LookupTables!$E$2:$F$18,2) -> 1 | N14: =F14/2+D14 -> 125 | O14: =VLOOKUP(N14,LookupTables!$E$2:$F$18,2) -> 1 | P14: =F14+E14+D14 -> 350 | Q14: =VLOOKUP(P14,LookupTables!$E$2:$F$18,2) -> 5 | R14: =P14/2 -> 175 | S14: =VLOOKUP(R14,LookupTables!$E$2:$F$18,2) -> 3 | T14: =F14/2+E14+D14 -> 225 | U14: =VLOOKUP(T14,LookupTables!$E$2:$F$18,2) -> 3
A15: Magic Mouth | B15: 2 | C15: V, S, M (jade dust worth 10+ GP, which the spell consumes) | D15: 10 | E15: 0 | F15: =VLOOKUP(Table3[[#This Row],[Level]],LookupTables!$A$2:$C$11,3) -> 250 | G15: =VLOOKUP(F15,LookupTables!$E$2:$F$18,2) -> 3 | H15: =F15/2 -> 125 | I15: =VLOOKUP(H15,LookupTables!$E$2:$F$18,2) -> 1 | J15: =F15+D15 -> 260 | K15: =VLOOKUP(J15,LookupTables!$E$2:$F$18,2) -> 3 | L15: =J15/2 -> 130 | M15: =VLOOKUP(L15,LookupTables!$E$2:$F$18,2) -> 1 | N15: =F15/2+D15 -> 135 | O15: =VLOOKUP(N15,LookupTables!$E$2:$F$18,2) -> 1 | P15: =F15+E15+D15 -> 260 | Q15: =VLOOKUP(P15,LookupTables!$E$2:$F$18,2) -> 3 | R15: =P15/2 -> 130 | S15: =VLOOKUP(R15,LookupTables!$E$2:$F$18,2) -> 1 | T15: =F15/2+E15+D15 -> 135 | U15: =VLOOKUP(T15,LookupTables!$E$2:$F$18,2) -> 1
A16: Summon Beast | B16: 2 | C16: V, S, M (a feather, tuft of fur, and fish tail inside a gilded acorn worth 200+ GP) | D16: 0 | E16: 200 | F16: =VLOOKUP(Table3[[#This Row],[Level]],LookupTables!$A$2:$C$11,3) -> 250 | G16: =VLOOKUP(F16,LookupTables!$E$2:$F$18,2) -> 3 | H16: =F16/2 -> 125 | I16: =VLOOKUP(H16,LookupTables!$E$2:$F$18,2) -> 1 | J16: =F16+D16 -> 250 | K16: =VLOOKUP(J16,LookupTables!$E$2:$F$18,2) -> 3 | L16: =J16/2 -> 125 | M16: =VLOOKUP(L16,LookupTables!$E$2:$F$18,2) -> 1 | N16: =F16/2+D16 -> 125 | O16: =VLOOKUP(N16,LookupTables!$E$2:$F$18,2) -> 1 | P16: =F16+E16+D16 -> 450 | Q16: =VLOOKUP(P16,LookupTables!$E$2:$F$18,2) -> 7 | R16: =P16/2 -> 225 | S16: =VLOOKUP(R16,LookupTables!$E$2:$F$18,2) -> 3 | T16: =F16/2+E16+D16 -> 325 | U16: =VLOOKUP(T16,LookupTables!$E$2:$F$18,2) -> 5
A17: Warding Bond | B17: 2 | C17: V, S, M (a pair of platinum rings worth 50+ GP each, which you and the target must wear for the duration) | D17: 0 | E17: 100 | F17: =VLOOKUP(Table3[[#This Row],[Level]],LookupTables!$A$2:$C$11,3) -> 250 | G17: =VLOOKUP(F17,LookupTables!$E$2:$F$18,2) -> 3 | H17: =F17/2 -> 125 | I17: =VLOOKUP(H17,LookupTables!$E$2:$F$18,2) -> 1 | J17: =F17+D17 -> 250 | K17: =VLOOKUP(J17,LookupTables!$E$2:$F$18,2) -> 3 | L17: =J17/2 -> 125 | M17: =VLOOKUP(L17,LookupTables!$E$2:$F$18,2) -> 1 | N17: =F17/2+D17 -> 125 | O17: =VLOOKUP(N17,LookupTables!$E$2:$F$18,2) -> 1 | P17: =F17+E17+D17 -> 350 | Q17: =VLOOKUP(P17,LookupTables!$E$2:$F$18,2) -> 5 | R17: =P17/2 -> 175 | S17: =VLOOKUP(R17,LookupTables!$E$2:$F$18,2) -> 3 | T17: =F17/2+E17+D17 -> 225 | U17: =VLOOKUP(T17,LookupTables!$E$2:$F$18,2) -> 3
A18: Clairvoyance | B18: 3 | C18: V, S, M (a focus worth 100+ GP, either a jeweled horn for hearing or a glass eye for seeing) | D18: 0 | E18: 100 | F18: =VLOOKUP(Table3[[#This Row],[Level]],LookupTables!$A$2:$C$11,3) -> 500 | G18: =VLOOKUP(F18,LookupTables!$E$2:$F$18,2) -> 7 | H18: =F18/2 -> 250 | I18: =VLOOKUP(H18,LookupTables!$E$2:$F$18,2) -> 3 | J18: =F18+D18 -> 500 | K18: =VLOOKUP(J18,LookupTables!$E$2:$F$18,2) -> 7 | L18: =J18/2 -> 250 | M18: =VLOOKUP(L18,LookupTables!$E$2:$F$18,2) -> 3 | N18: =F18/2+D18 -> 250 | O18: =VLOOKUP(N18,LookupTables!$E$2:$F$18,2) -> 3 | P18: =F18+E18+D18 -> 600 | Q18: =VLOOKUP(P18,LookupTables!$E$2:$F$18,2) -> 7 | R18: =P18/2 -> 300 | S18: =VLOOKUP(R18,LookupTables!$E$2:$F$18,2) -> 5 | T18: =F18/2+E18+D18 -> 350 | U18: =VLOOKUP(T18,LookupTables!$E$2:$F$18,2) -> 5
A19: Glyph of Warding | B19: 3 | C19: V, S, M (powdered diamond worth 200+ GP, which the spell consumes) | D19: 200 | E19: 0 | F19: =VLOOKUP(Table3[[#This Row],[Level]],LookupTables!$A$2:$C$11,3) -> 500 | G19: =VLOOKUP(F19,LookupTables!$E$2:$F$18,2) -> 7 | H19: =F19/2 -> 250 | I19: =VLOOKUP(H19,LookupTables!$E$2:$F$18,2) -> 3 | J19: =F19+D19 -> 700 | K19: =VLOOKUP(J19,LookupTables!$E$2:$F$18,2) -> 7 | L19: =J19/2 -> 350 | M19: =VLOOKUP(L19,LookupTables!$E$2:$F$18,2) -> 5 | N19: =F19/2+D19 -> 450 | O19: =VLOOKUP(N19,LookupTables!$E$2:$F$18,2) -> 7 | P19: =F19+E19+D19 -> 700 | Q19: =VLOOKUP(P19,LookupTables!$E$2:$F$18,2) -> 7 | R19: =P19/2 -> 350 | S19: =VLOOKUP(R19,LookupTables!$E$2:$F$18,2) -> 5 | T19: =F19/2+E19+D19 -> 450 | U19: =VLOOKUP(T19,LookupTables!$E$2:$F$18,2) -> 7
A20: Laeral's Silver Lance | B20: 3 | C20: V, S, M (a silver pin worth 250+ GP) | D20: 0 | E20: 250 | F20: =VLOOKUP(Table3[[#This Row],[Level]],LookupTables!$A$2:$C$11,3) -> 500 | G20: =VLOOKUP(F20,LookupTables!$E$2:$F$18,2) -> 7 | H20: =F20/2 -> 250 | I20: =VLOOKUP(H20,LookupTables!$E$2:$F$18,2) -> 3 | J20: =F20+D20 -> 500 | K20: =VLOOKUP(J20,LookupTables!$E$2:$F$18,2) -> 7 | L20: =J20/2 -> 250 | M20: =VLOOKUP(L20,LookupTables!$E$2:$F$18,2) -> 3 | N20: =F20/2+D20 -> 250 | O20: =VLOOKUP(N20,LookupTables!$E$2:$F$18,2) -> 3 | P20: =F20+E20+D20 -> 750 | Q20: =VLOOKUP(P20,LookupTables!$E$2:$F$18,2) -> 7 | R20: =P20/2 -> 375 | S20: =VLOOKUP(R20,LookupTables!$E$2:$F$18,2) -> 5 | T20: =F20/2+E20+D20 -> 500 | U20: =VLOOKUP(T20,LookupTables!$E$2:$F$18,2) -> 7
A21: Magic Circle | B21: 3 | C21: V, S, M (salt and powdered silver worth 100+ GP, which the spell consumes) | D21: 100 | E21: 0 | F21: =VLOOKUP(Table3[[#This Row],[Level]],LookupTables!$A$2:$C$11,3) -> 500 | G21: =VLOOKUP(F21,LookupTables!$E$2:$F$18,2) -> 7 | H21: =F21/2 -> 250 | I21: =VLOOKUP(H21,LookupTables!$E$2:$F$18,2) -> 3 | J21: =F21+D21 -> 600 | K21: =VLOOKUP(J21,LookupTables!$E$2:$F$18,2) -> 7 | L21: =J21/2 -> 300 | M21: =VLOOKUP(L21,LookupTables!$E$2:$F$18,2) -> 5 | N21: =F21/2+D21 -> 350 | O21: =VLOOKUP(N21,LookupTables!$E$2:$F$18,2) -> 5 | P21: =F21+E21+D21 -> 600 | Q21: =VLOOKUP(P21,LookupTables!$E$2:$F$18,2) -> 7 | R21: =P21/2 -> 300 | S21: =VLOOKUP(R21,LookupTables!$E$2:$F$18,2) -> 5 | T21: =F21/2+E21+D21 -> 350 | U21: =VLOOKUP(T21,LookupTables!$E$2:$F$18,2) -> 5
A22: Nondetection | B22: 3 | C22: V, S, M (a pinch of diamond dust worth 25+ GP, which the spell consumes) | D22: 25 | E22: 0 | F22: =VLOOKUP(Table3[[#This Row],[Level]],LookupTables!$A$2:$C$11,3) -> 500 | G22: =VLOOKUP(F22,LookupTables!$E$2:$F$18,2) -> 7 | H22: =F22/2 -> 250 | I22: =VLOOKUP(H22,LookupTables!$E$2:$F$18,2) -> 3 | J22: =F22+D22 -> 525 | K22: =VLOOKUP(J22,LookupTables!$E$2:$F$18,2) -> 7 | L22: =J22/2 -> 262.5 | M22: =VLOOKUP(L22,LookupTables!$E$2:$F$18,2) -> 3 | N22: =F22/2+D22 -> 275 | O22: =VLOOKUP(N22,LookupTables!$E$2:$F$18,2) -> 3 | P22: =F22+E22+D22 -> 525 | Q22: =VLOOKUP(P22,LookupTables!$E$2:$F$18,2) -> 7 | R22: =P22/2 -> 262.5 | S22: =VLOOKUP(R22,LookupTables!$E$2:$F$18,2) -> 3 | T22: =F22/2+E22+D22 -> 275 | U22: =VLOOKUP(T22,LookupTables!$E$2:$F$18,2) -> 3
A23: Revivify | B23: 3 | C23: V, S, M (a diamond worth 300+ GP, which the spell consumes) | D23: 300 | E23: 0 | F23: =VLOOKUP(Table3[[#This Row],[Level]],LookupTables!$A$2:$C$11,3) -> 500 | G23: =VLOOKUP(F23,LookupTables!$E$2:$F$18,2) -> 7 | H23: =F23/2 -> 250 | I23: =VLOOKUP(H23,LookupTables!$E$2:$F$18,2) -> 3 | J23: =F23+D23 -> 800 | K23: =VLOOKUP(J23,LookupTables!$E$2:$F$18,2) -> 9 | L23: =J23/2 -> 400 | M23: =VLOOKUP(L23,LookupTables!$E$2:$F$18,2) -> 7 | N23: =F23/2+D23 -> 550 | O23: =VLOOKUP(N23,LookupTables!$E$2:$F$18,2) -> 7 | P23: =F23+E23+D23 -> 800 | Q23: =VLOOKUP(P23,LookupTables!$E$2:$F$18,2) -> 9 | R23: =P23/2 -> 400 | S23: =VLOOKUP(R23,LookupTables!$E$2:$F$18,2) -> 7 | T23: =F23/2+E23+D23 -> 550 | U23: =VLOOKUP(T23,LookupTables!$E$2:$F$18,2) -> 7
A24: Summon Fey | B24: 3 | C24: V, S, M (a gilded flower worth 300+ GP) | D24: 0 | E24: 300 | F24: =VLOOKUP(Table3[[#This Row],[Level]],LookupTables!$A$2:$C$11,3) -> 500 | G24: =VLOOKUP(F24,LookupTables!$E$2:$F$18,2) -> 7 | H24: =F24/2 -> 250 | I24: =VLOOKUP(H24,LookupTables!$E$2:$F$18,2) -> 3 | J24: =F24+D24 -> 500 | K24: =VLOOKUP(J24,LookupTables!$E$2:$F$18,2) -> 7 | L24: =J24/2 -> 250 | M24: =VLOOKUP(L24,LookupTables!$E$2:$F$18,2) -> 3 | N24: =F24/2+D24 -> 250 | O24: =VLOOKUP(N24,LookupTables!$E$2:$F$18,2) -> 3 | P24: =F24+E24+D24 -> 800 | Q24: =VLOOKUP(P24,LookupTables!$E$2:$F$18,2) -> 9 | R24: =P24/2 -> 400 | S24: =VLOOKUP(R24,LookupTables!$E$2:$F$18,2) -> 7 | T24: =F24/2+E24+D24 -> 550 | U24: =VLOOKUP(T24,LookupTables!$E$2:$F$18,2) -> 7
A25: Summon Undead | B25: 3 | C25: V, S, M (a gilded skull worth 300+ GP) | D25: 0 | E25: 300 | F25: =VLOOKUP(Table3[[#This Row],[Level]],LookupTables!$A$2:$C$11,3) -> 500 | G25: =VLOOKUP(F25,LookupTables!$E$2:$F$18,2) -> 7 | H25: =F25/2 -> 250 | I25: =VLOOKUP(H25,LookupTables!$E$2:$F$18,2) -> 3 | J25: =F25+D25 -> 500 | K25: =VLOOKUP(J25,LookupTables!$E$2:$F$18,2) -> 7 | L25: =J25/2 -> 250 | M25: =VLOOKUP(L25,LookupTables!$E$2:$F$18,2) -> 3 | N25: =F25/2+D25 -> 250 | O25: =VLOOKUP(N25,LookupTables!$E$2:$F$18,2) -> 3 | P25: =F25+E25+D25 -> 800 | Q25: =VLOOKUP(P25,LookupTables!$E$2:$F$18,2) -> 9 | R25: =P25/2 -> 400 | S25: =VLOOKUP(R25,LookupTables!$E$2:$F$18,2) -> 7 | T25: =F25/2+E25+D25 -> 550 | U25: =VLOOKUP(T25,LookupTables!$E$2:$F$18,2) -> 7
... A59: True Seeing | B59: 6 | C59: V, S, M (mushroom powder worth 25+ GP, which the spell consumes) | D59: 25 | E59: 0 | F59: =VLOOKUP(Table3[[#This Row],[Level]],LookupTables!$A$2:$C$11,3) -> 15000 | G59: =VLOOKUP(F59,LookupTables!$E$2:$F$18,2) -> 27 | H59: =F59/2 -> 7500 | I59: =VLOOKUP(H59,LookupTables!$E$2:$F$18,2) -> 23 | J59: =F59+D59 -> 15025 | K59: =VLOOKUP(J59,LookupTables!$E$2:$F$18,2) -> 27 | L59: =J59/2 -> 7512.5 | M59: =VLOOKUP(L59,LookupTables!$E$2:$F$18,2) -> 23 | N59: =F59/2+D59 -> 7525 | O59: =VLOOKUP(N59,LookupTables!$E$2:$F$18,2) -> 23 | P59: =F59+E59+D59 -> 15025 | Q59: =VLOOKUP(P59,LookupTables!$E$2:$F$18,2) -> 27 | R59: =P59/2 -> 7512.5 | S59: =VLOOKUP(R59,LookupTables!$E$2:$F$18,2) -> 23 | T59: =F59/2+E59+D59 -> 7525 | U59: =VLOOKUP(T59,LookupTables!$E$2:$F$18,2) -> 23
A60: Forcecage | B60: 7 | C60: V, S, M (ruby dust worth 1,500+ GP, which the spell consumes) | D60: 1500 | F60: =VLOOKUP(Table3[[#This Row],[Level]],LookupTables!$A$2:$C$11,3) -> 25000 | G60: =VLOOKUP(F60,LookupTables!$E$2:$F$18,2) -> 31 | H60: =F60/2 -> 12500 | I60: =VLOOKUP(H60,LookupTables!$E$2:$F$18,2) -> 27 | J60: =F60+D60 -> 26500 | K60: =VLOOKUP(J60,LookupTables!$E$2:$F$18,2) -> 31 | L60: =J60/2 -> 13250 | M60: =VLOOKUP(L60,LookupTables!$E$2:$F$18,2) -> 27 | N60: =F60/2+D60 -> 14000 | O60: =VLOOKUP(N60,LookupTables!$E$2:$F$18,2) -> 27 | P60: =F60+E60+D60 -> 26500 | Q60: =VLOOKUP(P60,LookupTables!$E$2:$F$18,2) -> 31 | R60: =P60/2 -> 13250 | S60: =VLOOKUP(R60,LookupTables!$E$2:$F$18,2) -> 27 | T60: =F60/2+E60+D60 -> 14000 | U60: =VLOOKUP(T60,LookupTables!$E$2:$F$18,2) -> 27
A61: Mordenkainen's Magnificent Mansion | B61: 7 | C61: V, S, M (a miniature door worth 15+ GP) | D61: 0 | E61: 15 | F61: =VLOOKUP(Table3[[#This Row],[Level]],LookupTables!$A$2:$C$11,3) -> 25000 | G61: =VLOOKUP(F61,LookupTables!$E$2:$F$18,2) -> 31 | H61: =F61/2 -> 12500 | I61: =VLOOKUP(H61,LookupTables!$E$2:$F$18,2) -> 27 | J61: =F61+D61 -> 25000 | K61: =VLOOKUP(J61,LookupTables!$E$2:$F$18,2) -> 31 | L61: =J61/2 -> 12500 | M61: =VLOOKUP(L61,LookupTables!$E$2:$F$18,2) -> 27 | N61: =F61/2+D61 -> 12500 | O61: =VLOOKUP(N61,LookupTables!$E$2:$F$18,2) -> 27 | P61: =F61+E61+D61 -> 25015 | Q61: =VLOOKUP(P61,LookupTables!$E$2:$F$18,2) -> 31 | R61: =P61/2 -> 12507.5 | S61: =VLOOKUP(R61,LookupTables!$E$2:$F$18,2) -> 27 | T61: =F61/2+E61+D61 -> 12515 | U61: =VLOOKUP(T61,LookupTables!$E$2:$F$18,2) -> 27
A62: Mordenkainen's Sword | B62: 7 | C62: V, S, M (a miniature sword worth 250+ GP) | D62: 0 | E62: 250 | F62: =VLOOKUP(Table3[[#This Row],[Level]],LookupTables!$A$2:$C$11,3) -> 25000 | G62: =VLOOKUP(F62,LookupTables!$E$2:$F$18,2) -> 31 | H62: =F62/2 -> 12500 | I62: =VLOOKUP(H62,LookupTables!$E$2:$F$18,2) -> 27 | J62: =F62+D62 -> 25000 | K62: =VLOOKUP(J62,LookupTables!$E$2:$F$18,2) -> 31 | L62: =J62/2 -> 12500 | M62: =VLOOKUP(L62,LookupTables!$E$2:$F$18,2) -> 27 | N62: =F62/2+D62 -> 12500 | O62: =VLOOKUP(N62,LookupTables!$E$2:$F$18,2) -> 27 | P62: =F62+E62+D62 -> 25250 | Q62: =VLOOKUP(P62,LookupTables!$E$2:$F$18,2) -> 31 | R62: =P62/2 -> 12625 | S62: =VLOOKUP(R62,LookupTables!$E$2:$F$18,2) -> 27 | T62: =F62/2+E62+D62 -> 12750 | U62: =VLOOKUP(T62,LookupTables!$E$2:$F$18,2) -> 27
A63: Plane Shift | B63: 7 | C63: V, S, M (a forked, metal rod worth 250+ GP and attuned to a plane of existence) | D63: 0 | E63: 250 | F63: =VLOOKUP(Table3[[#This Row],[Level]],LookupTables!$A$2:$C$11,3) -> 25000 | G63: =VLOOKUP(F63,LookupTables!$E$2:$F$18,2) -> 31 | H63: =F63/2 -> 12500 | I63: =VLOOKUP(H63,LookupTables!$E$2:$F$18,2) -> 27 | J63: =F63+D63 -> 25000 | K63: =VLOOKUP(J63,LookupTables!$E$2:$F$18,2) -> 31 | L63: =J63/2 -> 12500 | M63: =VLOOKUP(L63,LookupTables!$E$2:$F$18,2) -> 27 | N63: =F63/2+D63 -> 12500 | O63: =VLOOKUP(N63,LookupTables!$E$2:$F$18,2) -> 27 | P63: =F63+E63+D63 -> 25250 | Q63: =VLOOKUP(P63,LookupTables!$E$2:$F$18,2) -> 31 | R63: =P63/2 -> 12625 | S63: =VLOOKUP(R63,LookupTables!$E$2:$F$18,2) -> 27 | T63: =F63/2+E63+D63 -> 12750 | U63: =VLOOKUP(T63,LookupTables!$E$2:$F$18,2) -> 27
A64: Project Image | B64: 7 | C64: V, S, M (a statuette of yourself worth 5+ GP) | D64: 0 | E64: 5 | F64: =VLOOKUP(Table3[[#This Row],[Level]],LookupTables!$A$2:$C$11,3) -> 25000 | G64: =VLOOKUP(F64,LookupTables!$E$2:$F$18,2) -> 31 | H64: =F64/2 -> 12500 | I64: =VLOOKUP(H64,LookupTables!$E$2:$F$18,2) -> 27 | J64: =F64+D64 -> 25000 | K64: =VLOOKUP(J64,LookupTables!$E$2:$F$18,2) -> 31 | L64: =J64/2 -> 12500 | M64: =VLOOKUP(L64,LookupTables!$E$2:$F$18,2) -> 27 | N64: =F64/2+D64 -> 12500 | O64: =VLOOKUP(N64,LookupTables!$E$2:$F$18,2) -> 27 | P64: =F64+E64+D64 -> 25005 | Q64: =VLOOKUP(P64,LookupTables!$E$2:$F$18,2) -> 31 | R64: =P64/2 -> 12502.5 | S64: =VLOOKUP(R64,LookupTables!$E$2:$F$18,2) -> 27 | T64: =F64/2+E64+D64 -> 12505 | U64: =VLOOKUP(T64,LookupTables!$E$2:$F$18,2) -> 27
A65: Resurrection | B65: 7 | C65: V, S, M (a diamond worth 1,000+ GP, which the spell consumes) | D65: 1000 | E65: 0 | F65: =VLOOKUP(Table3[[#This Row],[Level]],LookupTables!$A$2:$C$11,3) -> 25000 | G65: =VLOOKUP(F65,LookupTables!$E$2:$F$18,2) -> 31 | H65: =F65/2 -> 12500 | I65: =VLOOKUP(H65,LookupTables!$E$2:$F$18,2) -> 27 | J65: =F65+D65 -> 26000 | K65: =VLOOKUP(J65,LookupTables!$E$2:$F$18,2) -> 31 | L65: =J65/2 -> 13000 | M65: =VLOOKUP(L65,LookupTables!$E$2:$F$18,2) -> 27 | N65: =F65/2+D65 -> 13500 | O65: =VLOOKUP(N65,LookupTables!$E$2:$F$18,2) -> 27 | P65: =F65+E65+D65 -> 26000 | Q65: =VLOOKUP(P65,LookupTables!$E$2:$F$18,2) -> 31 | R65: =P65/2 -> 13000 | S65: =VLOOKUP(R65,LookupTables!$E$2:$F$18,2) -> 27 | T65: =F65/2+E65+D65 -> 13500 | U65: =VLOOKUP(T65,LookupTables!$E$2:$F$18,2) -> 27
A66: Sequester | B66: 7 | C66: V, S, M (gem dust worth 5,000+ GP, which the spell consumes) | D66: 5000 | E66: 0 | F66: =VLOOKUP(Table3[[#This Row],[Level]],LookupTables!$A$2:$C$11,3) -> 25000 | G66: =VLOOKUP(F66,LookupTables!$E$2:$F$18,2) -> 31 | H66: =F66/2 -> 12500 | I66: =VLOOKUP(H66,LookupTables!$E$2:$F$18,2) -> 27 | J66: =F66+D66 -> 30000 | K66: =VLOOKUP(J66,LookupTables!$E$2:$F$18,2) -> 31 | L66: =J66/2 -> 15000 | M66: =VLOOKUP(L66,LookupTables!$E$2:$F$18,2) -> 27 | N66: =F66/2+D66 -> 17500 | O66: =VLOOKUP(N66,LookupTables!$E$2:$F$18,2) -> 29 | P66: =F66+E66+D66 -> 30000 | Q66: =VLOOKUP(P66,LookupTables!$E$2:$F$18,2) -> 31 | R66: =P66/2 -> 15000 | S66: =VLOOKUP(R66,LookupTables!$E$2:$F$18,2) -> 27 | T66: =F66/2+E66+D66 -> 17500 | U66: =VLOOKUP(T66,LookupTables!$E$2:$F$18,2) -> 29
A67: Simulacrum | B67: 7 | C67: V, S, M (powdered ruby worth 1,500+ GP, which the spell consumes) | D67: 1500 | E67: 0 | F67: =VLOOKUP(Table3[[#This Row],[Level]],LookupTables!$A$2:$C$11,3) -> 25000 | G67: =VLOOKUP(F67,LookupTables!$E$2:$F$18,2) -> 31 | H67: =F67/2 -> 12500 | I67: =VLOOKUP(H67,LookupTables!$E$2:$F$18,2) -> 27 | J67: =F67+D67 -> 26500 | K67: =VLOOKUP(J67,LookupTables!$E$2:$F$18,2) -> 31 | L67: =J67/2 -> 13250 | M67: =VLOOKUP(L67,LookupTables!$E$2:$F$18,2) -> 27 | N67: =F67/2+D67 -> 14000 | O67: =VLOOKUP(N67,LookupTables!$E$2:$F$18,2) -> 27 | P67: =F67+E67+D67 -> 26500 | Q67: =VLOOKUP(P67,LookupTables!$E$2:$F$18,2) -> 31 | R67: =P67/2 -> 13250 | S67: =VLOOKUP(R67,LookupTables!$E$2:$F$18,2) -> 27 | T67: =F67/2+E67+D67 -> 14000 | U67: =VLOOKUP(T67,LookupTables!$E$2:$F$18,2) -> 27
A68: Symbol | B68: 7 | C68: V, S, M (powdered diamond worth 1,000+ GP, which the spell consumes) | D68: 1000 | E68: 0 | F68: =VLOOKUP(Table3[[#This Row],[Level]],LookupTables!$A$2:$C$11,3) -> 25000 | G68: =VLOOKUP(F68,LookupTables!$E$2:$F$18,2) -> 31 | H68: =F68/2 -> 12500 | I68: =VLOOKUP(H68,LookupTables!$E$2:$F$18,2) -> 27 | J68: =F68+D68 -> 26000 | K68: =VLOOKUP(J68,LookupTables!$E$2:$F$18,2) -> 31 | L68: =J68/2 -> 13000 | M68: =VLOOKUP(L68,LookupTables!$E$2:$F$18,2) -> 27 | N68: =F68/2+D68 -> 13500 | O68: =VLOOKUP(N68,LookupTables!$E$2:$F$18,2) -> 27 | P68: =F68+E68+D68 -> 26000 | Q68: =VLOOKUP(P68,LookupTables!$E$2:$F$18,2) -> 31 | R68: =P68/2 -> 13000 | S68: =VLOOKUP(R68,LookupTables!$E$2:$F$18,2) -> 27 | T68: =F68/2+E68+D68 -> 13500 | U68: =VLOOKUP(T68,LookupTables!$E$2:$F$18,2) -> 27
A69: Clone | B69: 8 | C69: V, S, M (a diamond worth 1,000+ GP, which the spell consumes, and a sealable vessel worth 2,000+ GP that is large enough to hold the creature being cloned) | D69: 1000 | E69: 2000 | F69: =VLOOKUP(Table3[[#This Row],[Level]],LookupTables!$A$2:$C$11,3) -> 50000 | G69: =VLOOKUP(F69,LookupTables!$E$2:$F$18,2) -> 31 | H69: =F69/2 -> 25000 | I69: =VLOOKUP(H69,LookupTables!$E$2:$F$18,2) -> 31 | J69: =F69+D69 -> 51000 | K69: =VLOOKUP(J69,LookupTables!$E$2:$F$18,2) -> 31 | L69: =J69/2 -> 25500 | M69: =VLOOKUP(L69,LookupTables!$E$2:$F$18,2) -> 31 | N69: =F69/2+D69 -> 26000 | O69: =VLOOKUP(N69,LookupTables!$E$2:$F$18,2) -> 31 | P69: =F69+E69+D69 -> 53000 | Q69: =VLOOKUP(P69,LookupTables!$E$2:$F$18,2) -> 31 | R69: =P69/2 -> 26500 | S69: =VLOOKUP(R69,LookupTables!$E$2:$F$18,2) -> 31 | T69: =F69/2+E69+D69 -> 28000 | U69: =VLOOKUP(T69,LookupTables!$E$2:$F$18,2) -> 31
A70: Holy Aura | B70: 8 | C70: V, S, M (a reliquary worth 1,000+ GP) | D70: 0 | E70: 1000 | F70: =VLOOKUP(Table3[[#This Row],[Level]],LookupTables!$A$2:$C$11,3) -> 50000 | G70: =VLOOKUP(F70,LookupTables!$E$2:$F$18,2) -> 31 | H70: =F70/2 -> 25000 | I70: =VLOOKUP(H70,LookupTables!$E$2:$F$18,2) -> 31 | J70: =F70+D70 -> 50000 | K70: =VLOOKUP(J70,LookupTables!$E$2:$F$18,2) -> 31 | L70: =J70/2 -> 25000 | M70: =VLOOKUP(L70,LookupTables!$E$2:$F$18,2) -> 31 | N70: =F70/2+D70 -> 25000 | O70: =VLOOKUP(N70,LookupTables!$E$2:$F$18,2) -> 31 | P70: =F70+E70+D70 -> 51000 | Q70: =VLOOKUP(P70,LookupTables!$E$2:$F$18,2) -> 31 | R70: =P70/2 -> 25500 | S70: =VLOOKUP(R70,LookupTables!$E$2:$F$18,2) -> 31 | T70: =F70/2+E70+D70 -> 26000 | U70: =VLOOKUP(T70,LookupTables!$E$2:$F$18,2) -> 31
A71: Astral Projection | B71: 9 | C71: V, S, M (for each of the spell's targets, one jacinth worth 1,000+ GP and one silver bar worth 100+ GP, all of which the spell consumes) | D71: 1100 | E71: 0 | F71: =VLOOKUP(Table3[[#This Row],[Level]],LookupTables!$A$2:$C$11,3) -> 250000 | G71: =VLOOKUP(F71,LookupTables!$E$2:$F$18,2) -> 31 | H71: =F71/2 -> 125000 | I71: =VLOOKUP(H71,LookupTables!$E$2:$F$18,2) -> 31 | J71: =F71+D71 -> 251100 | K71: =VLOOKUP(J71,LookupTables!$E$2:$F$18,2) -> 31 | L71: =J71/2 -> 125550 | M71: =VLOOKUP(L71,LookupTables!$E$2:$F$18,2) -> 31 | N71: =F71/2+D71 -> 126100 | O71: =VLOOKUP(N71,LookupTables!$E$2:$F$18,2) -> 31 | P71: =F71+E71+D71 -> 251100 | Q71: =VLOOKUP(P71,LookupTables!$E$2:$F$18,2) -> 31 | R71: =P71/2 -> 125550 | S71: =VLOOKUP(R71,LookupTables!$E$2:$F$18,2) -> 31 | T71: =F71/2+E71+D71 -> 126100 | U71: =VLOOKUP(T71,LookupTables!$E$2:$F$18,2) -> 31
A72: Gate | B72: 9 | C72: V, S, M (a diamond worth 5,000+ GP) | D72: 0 | E72: 5000 | F72: =VLOOKUP(Table3[[#This Row],[Level]],LookupTables!$A$2:$C$11,3) -> 250000 | G72: =VLOOKUP(F72,LookupTables!$E$2:$F$18,2) -> 31 | H72: =F72/2 -> 125000 | I72: =VLOOKUP(H72,LookupTables!$E$2:$F$18,2) -> 31 | J72: =F72+D72 -> 250000 | K72: =VLOOKUP(J72,LookupTables!$E$2:$F$18,2) -> 31 | L72: =J72/2 -> 125000 | M72: =VLOOKUP(L72,LookupTables!$E$2:$F$18,2) -> 31 | N72: =F72/2+D72 -> 125000 | O72: =VLOOKUP(N72,LookupTables!$E$2:$F$18,2) -> 31 | P72: =F72+E72+D72 -> 255000 | Q72: =VLOOKUP(P72,LookupTables!$E$2:$F$18,2) -> 31 | R72: =P72/2 -> 127500 | S72: =VLOOKUP(R72,LookupTables!$E$2:$F$18,2) -> 31 | T72: =F72/2+E72+D72 -> 130000 | U72: =VLOOKUP(T72,LookupTables!$E$2:$F$18,2) -> 31
... A75: True Resurrection | B75: 9 | C75: V, S, M (diamonds worth 25,000+ GP, which the spell consumes) | D75: 25000 | E75: 0 | F75: =VLOOKUP(Table3[[#This Row],[Level]],LookupTables!$A$2:$C$11,3) -> 250000 | G75: =VLOOKUP(F75,LookupTables!$E$2:$F$18,2) -> 31 | H75: =F75/2 -> 125000 | I75: =VLOOKUP(H75,LookupTables!$E$2:$F$18,2) -> 31 | J75: =F75+D75 -> 275000 | K75: =VLOOKUP(J75,LookupTables!$E$2:$F$18,2) -> 31 | L75: =J75/2 -> 137500 | M75: =VLOOKUP(L75,LookupTables!$E$2:$F$18,2) -> 31 | N75: =F75/2+D75 -> 150000 | O75: =VLOOKUP(N75,LookupTables!$E$2:$F$18,2) -> 31 | P75: =F75+E75+D75 -> 275000 | Q75: =VLOOKUP(P75,LookupTables!$E$2:$F$18,2) -> 31 | R75: =P75/2 -> 137500 | S75: =VLOOKUP(R75,LookupTables!$E$2:$F$18,2) -> 31 | T75: =F75/2+E75+D75 -> 150000 | U75: =VLOOKUP(T75,LookupTables!$E$2:$F$18,2) -> 31

Sheet LookupTables
A1: Level | B1: XGE Time | C1: Cost | E1: Cost | F1: Time (days)
A2: 0 | B2: 1 day | C2: 15 | E2: 0 | F2: 0
A3: 1 | B3: 1 day | C3: 25 | E3: 50 | F3: 1
A4: 2 | B4: 3 days | C4: 250 | E4: 150 | F4: 3
A5: 3 | B5: 1 workweek | C5: 500 | E5: 300 | F5: 5
A6: 4 | B6: 2 workweeks | C6: 2500 | E6: 400 | F6: 7
A7: 5 | B7: 4 workweeks | C7: 5000 | E7: 800 | F7: 9
A8: 6 | B8: 8 workweeks | C8: 15000 | E8: 1200 | F8: 11
A9: 7 | B9: 16 workweeks | C9: 25000 | E9: 1600 | F9: 13
A10: 8 | B10: 32 workweeks | C10: 50000 | E10: 2000 | F10: 15
A11: 9 | B11: 48 workweeks | C11: 250000 | E11: 2500 | F11: 17
E12: 3000 | F12: 19
E13: 3500 | F13: 21
E14: 4000 | F14: 23
E15: 8000 | F15: 25
E16: 12000 | F16: 27
E17: 16000 | F17: 29
E18: 20000 | F18: 31
